,microbe_0,microbe_1,microbe_2,microbe_3,microbe_4,microbe_5,microbe_6,microbe_7,microbe_8,microbe_9,microbe_10,microbe_11,microbe_12,microbe_13,microbe_14,microbe_15,microbe_16,microbe_17,microbe_18,microbe_19,microbe_20,microbe_21,microbe_22,microbe_23,microbe_24,microbe_25,microbe_26,microbe_27,microbe_28,microbe_29,microbe_30,microbe_31,microbe_32,microbe_33,microbe_34,microbe_35,microbe_36,microbe_37,microbe_38,microbe_39,microbe_40,microbe_41,microbe_42,microbe_43,microbe_44,microbe_45,microbe_46,microbe_47,microbe_48,microbe_49
microbe_0,-0.97460765,-0.008056989,-0.0378594,0.14517216,0.022871507,-0.016810179,0.0014013809,-0.01798121,-0.015172181,-0.020719307,0.0011246958,-0.027264701,-0.05543181,0.04794891,-0.010470453,0.1277377,-0.0050850813,0.0038169373,-0.010456711,-0.01497271,-0.030829258,-0.005954677,-0.0051059294,-0.06425166,0.0042773224,-0.028047897,0.039457504,-0.0004967634,0.0564859,-0.0063514085,-0.016406931,-0.0017321815,-0.023698222,0.011288055,-0.2098411,-0.019180454,-0.021859596,-0.045040585,-0.048196893,-0.008791855,-0.015646834,-0.005344592,0.0013803458,-0.027281422,0.052812368,-0.014107901,-0.024092676,-0.011428962,-0.040262125,-0.06416305
microbe_1,-0.0084736645,-0.97318083,-0.04048535,-0.022588886,0.09695337,-0.021917215,-0.0066708294,-0.020740857,-0.020165788,-0.026676044,0.12837899,-0.016008804,-0.010166284,0.028919319,0.118788585,-0.015844133,-0.13938937,0.001485699,-0.019238262,-0.022036305,0.03589807,-0.0011683144,-0.0010460274,-0.019237496,0.010904431,-0.020864038,0.043289956,-0.0026153682,0.11861429,-0.015906995,-0.01646022,-0.006018781,-0.024879305,-0.022185437,-0.024729392,-0.030309102,-0.0040108226,-0.010561586,0.023570936,-0.012732668,-0.022080608,-0.020213665,0.0003333366,-0.0187752,0.027128773,0.013682572,0.14494964,0.22153038,0.0416171,-0.023887618
microbe_2,0.026225697,0.001539483,-0.9996596,-0.0016939802,0.25005138,-0.06343135,0.03957722,0.17780235,-0.020761523,-0.0064680544,0.034551036,0.0066709067,0.00036447437,0.117237225,-0.010204206,0.008595008,0.011400101,0.042927396,0.0036722708,-0.021505294,0.088285096,0.0028324898,0.019975912,0.008281728,0.021831872,-0.003013298,0.104356505,0.037071966,0.13867751,-0.0016680912,-0.03882662,0.022216847,-0.009033129,0.061101172,0.011145511,-0.057760213,0.02879779,0.025019776,0.0877104,0.007937999,-0.013443514,0.033556793,0.0584384,-0.0008714979,0.17562617,0.075017616,0.24667302,0.0010177114,0.05050458,-0.0071090935
microbe_3,-0.04637694,-0.009090426,-0.044620976,-0.99236584,0.25438634,-0.017523179,0.030853247,-0.032798,-0.016729256,-0.025491336,-0.005262465,-0.008112583,-0.0073850374,0.060076267,-0.02295521,-0.08116085,-0.00039272918,0.042130087,-0.00983922,-0.026260637,0.04838065,-0.0045880233,-0.00750183,-0.03738154,0.02155984,-0.012218789,0.09749101,0.005859588,0.16350982,-0.0024236122,-0.0058589964,0.009448545,-0.01877566,0.044768993,0.045932196,-0.014190415,0.02336543,0.0021090144,0.059602443,0.0016633909,-0.01438719,0.007371101,0.026134834,-0.0048147766,0.17253141,0.054638904,0.2786383,-0.011665478,0.103931956,-0.019661272
microbe_4,-0.038353864,0.012365875,-0.06355118,-0.04567716,-1.021432,-0.03821655,-0.098393664,0.015743967,-0.042057216,-0.055798974,0.021239918,-0.04537615,-0.045254022,0.04669327,0.013411622,-0.044256464,-0.04048776,0.07108679,-0.06677607,0.03172147,0.13201407,0.048841253,-0.026127791,-0.009706041,0.039110996,-0.053845704,0.10104401,0.25688702,0.09773054,-0.03236781,-0.042281494,-0.031812094,-0.053530283,-0.17837884,0.025596213,-0.05138162,0.0971307,-0.033690806,0.072876014,0.018037926,-0.027468964,-0.032801736,0.28723556,-0.04666684,0.17100894,0.006372755,0.050461758,0.026450349,-0.21516968,-0.058916237
microbe_5,-0.009893942,-0.017505644,-0.028813707,-0.025069084,0.10671201,-0.99164957,-0.0004093752,-0.030776873,-0.024252048,-0.022908203,-0.0018522248,-0.016809927,-0.017345266,0.04166351,-0.02753197,-0.011176953,-0.014502496,-0.0010033303,-0.025796918,-0.02492775,0.03822178,-0.016063066,-0.013060124,-0.015728697,0.05087718,-0.018957576,0.02514679,-0.0059560947,0.08601575,-0.0067045866,0.30149516,-0.009721541,-0.024577526,0.00056705653,-0.015019107,0.1819823,-0.000571277,-0.0078175515,0.023941219,-0.016400836,-0.02301176,-0.009901058,-0.0019926692,-0.018691536,0.07376808,0.013066151,0.10518336,-0.017849043,0.00092211226,-0.022858625
microbe_6,0.0007142998,0.0015173266,-0.03663922,-0.012723772,0.18929803,-0.020020815,-1.0008881,0.082082264,0.18906102,-0.016991751,0.028610894,-0.008600183,-0.0009770377,0.06832643,-0.020415295,0.0023932892,0.0013946217,0.037523516,-0.021085339,-0.025562465,0.08970418,-0.0450496,0.0038745073,-0.00043043724,0.013673666,-0.0152452225,0.08118091,-0.036385812,0.1988718,-0.13699538,-0.010647314,0.012258498,-0.023190463,0.05858981,-0.021596054,-0.014031768,-0.033254795,0.013105092,0.0912628,0.0059783007,-0.009655888,0.016364254,0.037747443,-0.0130456,0.16957454,0.030397383,0.20865573,-0.012472555,0.21012743,-0.03286045
microbe_7,-0.010763766,-0.014637477,-0.023327937,-0.015520688,0.041638,-0.021254182,-0.06417359,-0.95208216,-0.010903776,-0.016163971,-0.01286753,-0.012919673,-0.014454722,-0.061086774,-0.018647527,-0.014911427,-0.010328222,-0.0062361504,-0.010468809,-0.019223958,-0.0076069743,-0.0048778593,-0.012892818,-0.017529674,-0.15324737,-0.014144549,0.01449653,-0.0079742465,-0.023622222,-0.07575398,0.25087324,-0.00885561,-0.016728163,-0.06284836,-0.0153668355,-0.026404992,-0.0056423806,-0.014172363,-0.044859674,-0.016499177,-0.019530015,-0.007599395,-0.0076844674,-0.014889265,0.0434292,0.004623181,-0.0056682015,-0.016450075,-0.04559008,-0.015112046
microbe_8,0.011590698,-0.008674577,-0.032508068,-0.017535318,0.24511008,-0.018339058,-0.015272413,-0.12454358,-1.0011152,-0.020370357,0.017652817,-0.007093477,-0.007385508,0.11519195,-0.022025941,-0.0015069348,-0.0022817152,0.03881816,-0.012557872,-0.015996456,0.061837733,-0.0060737133,0.0041890927,-0.006608486,0.10155581,-0.011776618,0.09290553,0.01752646,0.21754476,-0.013875166,-0.011812505,0.009561666,-0.019957405,0.0707681,-0.0004683591,-0.015711615,-0.0011453606,0.022484314,0.10361062,-0.001695293,-0.00819877,0.0047605266,0.03338164,-0.010225512,0.15642835,0.049226113,0.21057129,-0.013791598,0.34551388,-0.019162891
microbe_9,0.006923869,0.013156734,-0.053023737,-0.015669184,0.36287168,-0.016470857,0.06771442,-0.030705111,-0.012362703,-0.98103386,0.019222774,0.002727573,0.24959804,0.14444888,-0.015389235,0.01840484,-0.0390869,0.10463956,-0.01150313,-0.07110509,0.12879637,0.034670096,-0.050529465,0.008578019,0.04758654,-0.011624548,0.17329118,0.024156468,0.24212122,0.013521562,0.0023448889,0.027643537,-0.009709126,0.09420328,0.007461133,-0.0045292494,0.033700656,0.015046702,0.1044151,0.026975358,-0.0071189418,-0.032019455,-0.0389559,0.097584866,0.22055995,0.26923954,0.3443468,0.005534875,0.17081976,-0.018068794
microbe_10,-0.00025786553,-0.06481417,-0.043563846,-0.00815501,0.09266818,-0.027412912,-0.011240203,-0.009009583,-0.022830034,-0.012936476,-1.0171735,-0.016478894,-0.20847836,0.04033778,0.08093398,0.002356493,-0.0003189458,0.011384177,-0.010135052,-0.013940007,0.04467655,0.0117011145,0.0013142148,-0.05241616,-0.0100667225,-0.05498975,0.040323697,0.03267105,0.07202109,-0.038077362,-0.025987018,-0.035924885,-0.038614642,0.014729086,-0.0049648527,-0.022460908,-0.043116968,-0.029559603,-0.02838827,0.06811853,0.0063004037,0.03932742,0.017261883,-0.03327229,0.06815182,-0.015762316,0.072616234,-0.006550459,0.061217036,-0.051797647
microbe_11,0.025948815,0.00087851076,-0.051405247,-0.0073523736,0.3571507,-0.01711869,0.06618368,-0.038650364,-0.0106981285,-0.020216431,0.020217892,-0.9830032,-0.04808218,0.08496398,-0.0142644225,0.015943894,0.0061218073,0.04200778,-0.0066982037,-0.031120209,0.102775335,0.031496104,0.014181036,0.14791338,0.051052805,0.002657847,0.12323604,0.044969123,0.25075883,0.020251203,0.0015472162,0.044857517,-0.015137162,0.09096954,0.009953217,-0.007842288,0.039270107,0.02584924,0.13296357,0.013207709,-0.012250305,0.03252071,0.06325223,-0.012060468,0.37370497,0.20849729,0.35574237,-0.0058545726,0.16528812,-0.06584942
microbe_12,0.016680893,-0.062340043,-0.038537905,-0.0068289465,0.25304925,-0.013135363,0.04743137,-0.02402259,-0.008440217,-0.060704228,0.0074881506,0.002920982,-0.99441904,0.033593796,-0.05788389,0.0033476348,-0.04635852,0.032138765,-0.0024110302,-0.07864692,0.062109116,0.011927122,-0.052144516,0.1099158,0.039883025,0.062158752,0.07791998,-0.025541011,0.1572412,0.010071537,-0.0008573283,-0.2116835,-0.0023009193,0.07596235,0.006433728,-0.0074449885,0.025623195,0.017468257,0.09428805,0.006319549,-0.003629072,0.032191403,-0.011444696,-0.00431249,0.1803284,0.034932647,0.26942626,-0.05723933,0.10620321,-0.0165086
microbe_13,-0.04469306,-0.003939168,-0.06447079,0.017045476,0.006896189,-0.046057954,-0.025919529,0.028272161,-0.061248034,-0.0547438,0.024704251,-0.021313293,-0.0056745755,-1.052556,-0.009183483,-0.041129574,-0.049307324,0.035033397,-0.044875126,0.0055948338,0.05561932,-0.058688626,0.0035698728,-0.10589238,0.07233595,-0.041080024,0.013353311,0.011408154,0.03009435,-0.05301009,-0.058790717,-0.056305405,-0.048846167,0.002202305,0.009571167,-0.039962552,-0.051460393,-0.003809162,-0.05214671,0.0070968815,-0.02614575,-0.05564271,0.061185632,-0.047980547,0.022288445,0.019517513,0.005730543,-0.00041108765,0.0515445,0.0061327205
microbe_14,-0.003988129,-0.060697038,-0.034768414,-0.015249748,0.13281539,-0.01653534,0.015969312,-0.027610883,-0.0138212135,-0.2647295,-0.052935604,-0.00932358,0.3160886,0.030145949,-0.93587565,-0.00375559,0.005538889,-0.122685954,-0.015031595,0.24932496,0.04997778,-0.007500445,0.006953963,-0.011290267,0.014422764,-0.014430295,0.042627066,0.007596443,0.10551013,-0.004952021,-0.010389133,0.004077515,-0.07050732,0.028123604,-0.0076316465,-0.01487423,0.0031154207,-0.0010533278,0.03743757,-0.05572575,-0.06257814,0.01473124,0.01158772,-0.012170352,0.108099826,-0.036763307,0.13358365,-0.065238565,0.058018547,-0.018702216
microbe_15,0.0028888683,0.007355871,-0.045767218,0.0024105113,0.28880736,-0.013827646,0.06170309,-0.03169854,-0.0055891583,-0.0060852556,0.011664636,0.008997253,-0.0034259537,0.064938605,-0.0016288239,-0.9850732,0.018102901,0.053663284,0.017436821,-0.029664472,0.003933642,-0.016400218,0.00090947014,-0.044823717,0.0549999,-0.009231993,0.30762783,-0.018131211,0.243023,0.11714015,0.008163521,0.04453563,-0.009617214,0.061318483,0.02688991,-0.0029365355,-0.041171875,0.036924493,0.091373295,0.0073780487,-0.00594487,0.03281045,0.00030364466,0.0021537428,0.2780835,0.041948587,0.13387832,-0.0036797521,0.3429107,-0.06486904
microbe_16,0.0074817757,0.012712109,-0.04396733,-0.019903138,0.21429148,-0.01745666,0.026217407,-0.028750798,-0.015103403,-0.01993143,-0.17293063,-0.0058970097,0.023032019,0.07872628,-0.14605595,0.0003986772,-0.96481496,0.029549044,-0.010314278,-0.02348291,0.08675617,0.034119587,-0.052076336,-0.004611749,0.027261587,-0.016167,0.12012777,0.022645772,0.15472056,-0.006252214,-0.010847024,0.012998832,-0.034055285,0.026591474,-5.601742e-05,-0.021101376,0.019816725,-0.0018566852,0.06511082,-0.1284764,-0.13849936,0.003739657,0.027271438,-0.010498746,0.17551352,0.06682589,0.24983303,-0.0044328477,0.11677912,-0.022866808
microbe_17,0.005448095,-0.0014784911,-0.046494097,-0.037203826,0.1801507,-0.002318485,0.0017249219,-0.003513759,-0.022330754,-0.06250841,0.004119321,-0.017877879,-0.016254336,0.050102122,-0.011695899,-0.021992104,-0.054925837,-1.0436718,0.00048160204,-0.0072613107,0.044143014,-0.007520874,-0.040884446,-0.05881023,0.013793671,-0.049323853,0.046658225,0.008131392,0.08417163,0.0118510425,-0.02999139,0.014947638,-0.04574535,-0.010431061,-0.021507606,-0.03410527,0.015431151,-0.026955487,0.045667283,0.0032314418,0.00078630284,-0.04965247,0.078173794,-0.062497728,0.09952953,0.0031689773,0.11419999,-0.0036474601,0.059569813,-0.032345872
microbe_18,-0.100319736,-0.0007226015,-0.046575144,-0.025605625,0.17695038,-0.0149427205,0.02806356,-0.03235939,-0.018726144,-0.019557916,0.010258391,-0.0056621963,-0.006386256,0.030626906,-0.019481104,-0.024561869,-0.014095484,0.025984153,-0.96213883,-0.02289278,0.22396587,-0.012087097,0.0051695947,0.0017973405,0.023768008,-0.012855539,0.081698135,0.014754594,0.14146563,-0.013157932,-0.010923422,-0.016597623,-0.02889852,0.026830174,-0.22561719,-0.027318379,0.033071626,0.0031180792,0.089488015,0.0070709144,-0.015043417,-0.0064371205,0.013848516,-0.010857694,0.19431265,0.057144158,0.18154511,-0.005997961,0.093638025,-0.012828348
microbe_19,-0.0147379115,-0.072522655,-0.031984717,-0.022476297,0.05937215,-0.021097383,-0.0062460275,-0.022444885,-0.023051783,0.1550979,-0.07456306,-0.016147362,0.122402154,0.011457078,-0.07254737,-0.013432615,-0.0074509624,-0.17761627,-0.02061374,-0.9620965,-0.00085640413,-0.019507999,-0.010226292,-0.016948964,0.0002362132,-0.01934115,0.010590207,-0.0074475133,0.06393041,-0.015860885,-0.017041693,-0.01306754,-0.015640117,-0.0054087015,-0.01680877,-0.019789258,-0.0067153666,-0.012357547,0.011333041,-0.068220064,-0.01934141,-0.004003578,-0.004963734,0.03931627,0.041660774,-0.007794188,0.035129372,-0.07271034,0.019863904,-0.02173659
microbe_20,0.10633571,-9.0970556e-05,-0.04990698,-0.064028405,0.014914794,-0.029087195,-0.025306232,0.0021455637,0.052073836,-0.058182493,0.003475205,-0.052357107,0.026430974,-0.028040374,-0.004545203,-0.07494419,-0.06300391,0.15713722,0.11289795,0.04443599,-0.98323315,-0.007093544,-0.02242704,-0.0049925144,0.010801427,-0.053172752,0.06932163,-0.0012183547,0.03907433,-0.048750743,-0.047517464,-0.06400506,-0.054959286,-0.038728092,-0.062862515,-0.05453499,0.0041144392,-0.06129214,-0.0015131424,0.011498543,-0.051287193,-0.067416176,0.021740798,-0.051465698,0.007971065,-0.027248763,0.010441856,0.007952013,-0.15180393,-0.021017466
microbe_21,-0.0020708947,-0.015415842,-0.024734305,-0.018604247,0.02069288,-0.018108053,-0.016299268,-0.02953415,-0.015896231,-0.034424037,0.00061667955,-0.031585682,-0.022605242,0.047603756,-0.02352665,-0.031073583,-0.064066954,-0.005081668,-0.006357456,-0.015109351,0.034893844,-1.0515617,-0.009686752,-0.006083032,-0.0049655116,-0.043584213,-0.05032415,-0.008410317,0.035841197,-0.012444106,-0.022235494,-0.008698945,-0.029228214,-0.032346215,-0.0128883105,-0.060325038,0.019112209,-0.009425968,-0.055576075,-0.014372489,-0.023950914,-0.0102490755,-0.009550887,-0.023094779,0.016757963,-0.05558139,-0.10765556,-0.015454212,0.061684903,-0.027366206
microbe_22,-0.003475902,-0.19172801,-0.04337395,-0.020635609,0.116348505,-0.021238312,0.0023733461,-0.025592938,-0.024539497,-0.023191046,-0.18317156,-0.020080281,0.01063154,0.033014316,-0.027466632,-0.0087354425,0.039239246,0.0077053905,-0.033890218,-0.02171207,0.044966683,-0.0070691695,-1.0255204,-0.015048121,0.005721845,-0.019791767,0.042487446,-0.0009356432,0.08696996,-0.020359328,-0.015647251,-0.015865387,-0.039571892,0.010036922,-0.015485447,-0.028228482,0.0016042956,-0.0126569355,0.032867793,-0.015558486,-0.018294316,-0.038624827,0.004760254,-0.030679483,0.080718726,0.022222549,0.126643,0.09036317,0.045869276,-0.030990325
microbe_23,0.110264726,0.0030344124,-0.029105892,-0.009542625,0.16958429,-0.009460948,0.03459985,-0.01697548,-0.0069450005,-0.028261062,0.024596421,-0.057211537,-0.053305928,0.052394204,-0.07563296,0.035588354,0.015213875,0.021979319,-0.018557534,-0.065703675,-0.051733218,-0.035827924,0.0035579165,-1.007161,0.02565083,-0.059553415,0.09293121,-0.040220298,0.13372098,0.008970266,-0.00093020714,0.009973427,-0.012096308,0.05402042,0.0024235533,-0.0034160772,0.018527048,-0.04611504,-0.012017704,0.0070813578,-0.0048918813,0.012662507,0.026035696,-0.0017856905,0.11009638,-0.017501684,0.17249145,-0.0057004495,0.15128258,-0.068029925
microbe_24,0.0019465209,-0.008997377,0.28739524,-0.011753568,0.08544065,-0.06605275,0.006251675,0.015320802,-0.068926014,-0.013471977,0.013050533,-0.009109078,-0.006845019,0.040017396,-0.019388093,-0.05248913,-0.0031459806,0.00516992,-0.009182175,-0.016662108,0.02976734,-0.061926275,-0.006868765,-0.043271393,-0.95321065,-0.009132275,0.040421147,-0.0011023526,0.13340296,-0.062003322,-0.18504016,-0.0011743117,-0.012511838,0.018998947,-0.007935728,-0.006185501,-0.052643675,-0.011536565,-0.03471209,-0.009367404,-0.012450779,0.004308434,0.005965294,-0.01091028,0.06025941,0.01905993,0.07264554,-0.010408218,-0.025853032,-0.013564546
microbe_25,0.013955231,-0.003475662,-0.04849217,-0.014601773,0.27422965,-0.019313091,0.05151707,-0.032078944,-0.012122843,-0.021354446,0.039759573,-0.14463016,-0.04604415,0.08116565,-0.073119305,0.011857911,-0.0045646317,0.04619871,-0.009189238,-0.024470374,0.09504241,0.027120883,0.001461333,0.09883717,0.043499492,-0.9859703,0.11889979,-0.010358234,0.18725051,0.0077840365,-0.0018679427,0.14000629,-0.0150425825,0.07028563,0.0046064733,-0.01267789,0.030419024,0.015889926,0.10062752,0.009608059,-0.014230473,0.028536834,-0.0037222172,0.0016947578,0.20955849,0.15524654,0.19238135,-0.0041819587,0.13125542,-0.020888695
microbe_26,-0.05329605,0.0009711165,-0.027268874,-0.0009604731,0.02360478,-0.024122424,-0.031459596,-0.0011450762,0.025869353,-0.05783824,0.0048006056,-0.04140561,-0.01342431,0.022249965,-0.0060383608,-0.057680145,-0.055558234,0.008919876,0.06741446,0.0106408745,0.05029345,0.011674413,0.02503134,-0.04401692,-0.014215741,-0.0550891,-1.0518545,0.011685355,0.10012923,0.0124915205,-0.052892767,0.041671492,-0.052885767,-0.07758722,-0.0024102002,-0.057442043,-0.05777345,-0.036650624,0.024077196,0.002651251,0.023501977,-0.049859617,0.02128767,-0.04541514,0.077372685,-0.03135286,0.057614435,-0.003765257,-0.04563232,-0.053359102
microbe_27,-0.013911893,-0.015519017,-0.0460039,-0.017911935,0.039318863,-0.02012348,-0.020171173,-0.017685076,-0.022047648,-0.035072345,-0.006771105,-0.030679842,0.050842516,0.020400418,-0.03498571,-0.015912171,-0.04916485,-0.0033298302,-0.016519696,-0.015655186,0.002324411,-0.010272566,-0.011523518,0.006483035,-0.0068402593,0.1605302,0.011996449,-1.0038872,0.022606127,-0.017887255,-0.021570936,-0.01513362,-0.033460226,-0.06088446,-0.018302087,-0.026585735,0.0015013012,-0.023795584,-0.00071702566,-0.015273197,-0.021598907,-0.063025996,-0.00059136323,-0.013714052,-0.025828362,-0.04514833,-0.06807089,-0.016680276,0.013092568,-0.027957017
microbe_28,0.03470331,-0.006951455,0.056159012,-0.045573957,-0.028812109,-0.03955709,-0.042570032,-0.071523145,-0.049834702,-0.05007773,0.007627448,-0.051317457,-0.045147464,0.014766967,0.068671465,-0.044643458,-0.04142658,0.023633083,0.010646795,-0.018951096,0.022221921,-0.0001263963,0.2944497,-0.0032790045,-0.26727182,-0.04401368,-0.03662707,0.011999911,-1.0075166,0.0317846,-0.022638164,-0.034727514,-0.05610077,-0.04201559,-0.046037443,-0.06082173,-0.031982005,-0.050907094,0.009273282,-0.022249343,-0.053197004,0.018386135,0.15617947,-0.04912148,-0.025309814,0.021590818,0.022453407,-0.04684213,0.008703567,-0.055309806
microbe_29,0.053810813,-0.0053528277,-0.036116183,-0.0051439526,0.21065068,-0.028997358,0.03431544,0.009362509,-0.066867,-0.012300477,0.023028398,0.001623574,-0.00018233745,0.01277338,-0.018606212,-0.047692593,0.0075738123,0.027000545,0.0026576726,-0.018838434,0.06770618,-0.05580334,0.010412098,-0.057633568,0.17848541,-0.006473422,0.0664656,-0.041454785,0.064586975,-0.9996135,-0.044508863,0.021193635,-0.011252223,0.049380682,0.0022255445,-0.010105975,-0.038743846,0.0091474885,0.0139487535,0.0019124051,-0.0075803967,0.019230364,0.034615535,-0.0050806967,0.13261639,0.067052215,0.17560923,-0.006215079,0.029670881,-0.01751423
microbe_30,0.019042777,9.349266e-05,0.054141186,-0.010706627,0.31206167,-0.06610047,0.02364562,-0.12321277,-0.0025064962,-0.012893415,0.024816586,0.0038122586,0.0033141563,0.14019777,-0.013983217,0.017348694,0.013686216,0.050918054,-0.0014716876,-0.020761741,0.043827407,0.019751748,0.0036060645,0.009443378,0.29707506,-0.0045261635,0.15919608,0.028358165,0.121082604,0.013205467,-0.98419946,0.02801841,-0.010100393,0.014478847,0.006254673,0.0024220056,0.039852776,0.026354885,0.12921777,0.0066880253,-0.009681247,0.03236209,0.056782294,-0.0032436964,0.21823642,0.08643491,0.26201144,-0.0035142826,0.13813883,-0.013838742
microbe_31,0.023192087,0.0015395505,-0.041019116,-0.009020364,0.24887286,-0.01609198,0.033776205,-0.021314561,-0.0039514014,-0.008739204,-0.03338057,-0.199188,0.007688329,0.10111644,-0.011706201,-0.02419969,0.0035704325,0.037088595,-0.0008008042,-0.011083697,0.07565309,0.0029391183,0.011852145,-0.202802,0.029637424,-0.056261238,0.079832524,0.03249359,0.1388929,-0.032143977,-0.017523466,-0.94039214,-0.04356716,0.029721819,0.0064728367,-0.02307146,0.006428664,-0.019944804,0.068863854,-0.044667292,-0.032694228,-0.047464605,0.04152049,-0.012139212,0.17300405,-0.18192376,0.16675274,0.0010821465,0.09861675,0.25061342
microbe_32,0.019549064,-0.06139949,-0.049784195,-0.010001391,0.3267696,-0.014323742,0.056236748,-0.028873907,-0.005236054,-0.013617414,0.0028063722,0.002579609,-0.08831551,0.10678418,0.081325196,0.017471196,0.022258129,0.07382729,-0.0029485945,-0.06685728,0.08906899,0.017267037,0.019744974,0.0004900365,0.048945736,-0.0016172298,0.12201134,0.032766275,0.2573711,0.010864534,0.0029848889,0.02773196,-0.9845056,0.07258812,0.008563455,-0.0074222805,0.042032924,0.024628285,0.11665996,-0.021418532,-0.05882389,0.043359846,0.053071488,-0.0009534625,0.2341998,0.3166089,0.35368505,-0.058328044,0.13951594,-0.013173624
microbe_33,0.0011773204,0.02130153,-0.04456516,-0.048131265,0.20173751,0.0097114155,-0.2891599,0.12929799,-0.018694099,-0.044112515,0.020477068,-0.030877642,-0.03790707,0.031274255,-0.02874694,0.04085505,-0.026169516,0.05861451,-0.003212108,0.04650656,0.17626448,0.0101487525,-0.018740833,0.009916496,0.04208166,0.002632409,0.1321852,0.03166613,0.14357086,-0.14890084,-0.026693257,-0.020284194,-0.040990278,-0.94034916,-0.043727294,-0.038543656,0.054318182,-0.026818443,0.102408126,0.037914585,0.0060337815,-0.007699204,-0.013300895,-0.036817394,0.15831517,0.07847045,0.320189,0.012366661,-0.13918023,0.0044186004
microbe_34,0.011660759,0.005433467,-0.05066833,-0.05789487,0.11143395,-0.018100966,0.051947817,-0.029638225,-0.018313698,-0.017561551,0.017866332,-0.0020437888,-0.0027622613,0.078761876,-0.025832681,-0.1596951,0.0029999367,0.0421838,-0.010471201,-0.024508307,0.12600638,0.0056064376,0.004166327,-0.0047678715,0.041365426,-0.010443565,0.1093853,0.026898995,0.23113023,-0.0008026512,-0.0040146457,0.011181916,-0.020796824,0.08355659,-0.9839828,-0.01058625,0.1323491,0.013930854,0.091609344,0.0062182704,-0.013550235,0.014185272,0.059790697,-0.005146765,0.23120555,0.07909323,0.3351627,-0.008502147,0.20672752,-0.010368385
microbe_35,0.014707721,0.010930129,0.28387642,-0.019429954,0.33018777,-0.06690136,0.06179834,-0.049620666,-0.015675243,-0.013700841,0.023324883,0.00096580776,-0.001259539,0.095695026,-0.021319192,0.007876696,0.008985007,0.049319632,-0.0036329918,-0.02752806,0.09970601,0.050897032,0.009886585,0.0042982297,-0.10344943,-0.0051141772,0.20298506,0.023795523,0.34471792,0.017018976,-0.13603589,0.019463804,-0.019382466,0.085683696,0.003707428,-0.9772416,0.022200707,0.017594889,0.11030919,0.012461774,-0.0117086675,0.024469487,0.03363459,-0.0071722884,0.24828786,0.08092049,0.29699266,-0.008670967,0.14679837,-0.013730775
microbe_36,0.021209832,-0.006244204,-0.042281,-0.011714119,0.06095149,-0.01643535,0.0384311,-0.029350454,-0.014111875,-0.014123179,0.018782984,-0.0053405655,-0.0054077567,0.00480706,-0.010877706,0.1799393,0.00012853336,0.01860394,-0.0010319881,-0.026024077,-0.0008833193,-0.04887912,-0.0070576947,-0.0017265934,0.030242804,-0.025678981,0.2441949,-0.042313334,0.14107588,0.005725583,-0.0077445875,0.018090658,-0.019090967,-0.1799667,-0.052345365,-0.011033858,-0.9789325,0.015370822,0.02451205,-0.0062861755,-0.012406619,0.010028438,0.034155596,-0.009709691,0.14253071,-0.0064817974,-0.024809634,-0.01311381,0.14686511,-0.06648866
microbe_37,0.023765408,0.0029272353,-0.055441014,-0.018928738,0.36763525,-0.01983188,0.06023931,-0.033009227,-0.009705481,-0.014643063,0.026211258,0.007275339,0.0058904733,0.03427664,-0.062399916,0.013430151,0.016357586,-0.0017043834,-0.0023298287,-0.011336273,0.1164555,-0.10826846,0.015276195,0.09848282,0.064168215,0.0008175473,0.13347253,0.01845215,0.27066118,0.012205446,0.0011200034,-0.0067747203,-0.003452291,0.10107442,0.013897976,-0.012972404,0.031651285,-0.98088515,0.087925985,-0.028608326,-0.007455759,0.035744432,0.0060658418,0.001334612,0.19046748,0.10532117,0.54172873,0.0013211115,0.2655867,-0.016116329
microbe_38,0.033318117,0.0026173156,-0.05107214,0.012057007,0.1854493,-0.0127458675,0.028714847,-0.0011483759,-0.046153653,-0.043858316,0.042612877,-0.02173347,-0.029424693,0.08025016,-0.0056516333,-0.040499482,-0.03262671,0.036654774,0.04368761,0.011599276,-0.01504586,0.020115627,0.03166901,0.12533267,0.030951882,-0.0411608,0.060370628,0.023494486,0.077577904,0.0015933466,-0.035774708,0.03074047,-0.053788885,0.012837275,-0.027236175,-0.03205228,-0.016749365,-0.36206228,-0.93776315,0.014200067,-0.016163737,-0.017933961,0.05630608,-0.02989365,-0.032718338,-0.020877257,0.13047297,0.02424125,0.30848402,-0.022508182
microbe_39,-0.009213984,-0.061148185,-0.03696838,-0.023184119,0.07715546,-0.020551993,-0.008287369,-0.017796412,-0.020184036,-0.030495135,-0.05775203,-0.017883383,-0.25695026,0.040238872,0.2600315,-0.01027491,0.0003924282,0.004127206,-0.024573773,0.005050191,0.0350648,-0.0062950095,-0.0042037494,-0.018172795,0.009127709,-0.01774275,0.037434783,-0.0030639253,0.100589834,-0.021549111,-0.0148272095,-0.0058797,0.25062984,-0.04058934,-0.025850376,-0.02555212,-0.0018391198,-0.015301395,0.019327512,-0.934684,-0.065531634,-0.0010433026,0.0013152733,-0.015651338,0.06083243,-0.13968863,0.049296148,-0.06403908,0.027666915,-0.021955537
microbe_40,-0.00435272,-0.06436488,-0.043026485,-0.022094496,0.13892251,-0.021011759,0.012874547,-0.018979726,-0.01931583,-0.022246199,-0.068771385,-0.014836565,-0.08231895,0.056489497,-0.0245931,-0.0067788656,0.008576599,0.010540443,-0.024863943,-0.020762635,0.06968168,0.0022326512,-0.028651087,-0.014399886,0.025731547,-0.017883765,0.05670731,0.004771964,0.15390985,-0.00759675,-0.013024309,-0.004520194,0.22666588,0.0219885,-0.0099487025,-0.017644595,0.006529175,0.0012859195,0.043227576,0.04917747,-0.96829057,-0.06933382,0.016125476,-0.015350806,0.10071392,0.025360895,0.14980347,-0.06208566,0.06254229,-0.022132458
microbe_41,0.011525507,0.00491001,-0.050203785,-0.011754074,0.18732439,-0.0115771415,0.035988268,-0.02506109,-0.010343453,-0.017213592,-0.009216169,-0.011302563,-0.25385335,0.08166474,-0.06901856,-0.0010717002,0.009777426,0.036541335,-0.0039966884,-0.01734795,0.087785274,0.006356246,0.017923836,0.0004528282,0.038509436,-0.040017154,0.11260216,0.03368793,0.14278047,-0.0032241787,-0.021983188,0.016176512,-0.10308019,0.06380465,0.0043425085,-0.030585883,0.015196582,-0.017321296,0.029372618,-0.21876489,-0.006164791,-0.9590931,0.050175384,-0.013339573,0.16711149,0.10476829,0.19470054,-0.0027646783,0.113478616,-0.01582828
microbe_42,0.0030533464,-0.0007592127,-0.062114354,-0.21294032,0.07559435,-0.0097994385,0.019724015,-0.010235189,0.0077042906,-0.004347389,0.0062257526,-0.03959181,0.0710928,0.055582874,0.017097034,-0.04022777,0.00491116,-0.045931127,-0.006998826,-0.00947022,0.043923214,0.0016347076,0.004742198,0.0035791865,0.025554625,0.028030809,0.048554536,-0.2265652,0.09060069,-0.018754872,-0.040827207,-0.018838827,-0.048687186,0.050302763,-0.03764541,-0.01666749,-0.0015424195,-0.029478718,0.0247251,-0.00024140457,-0.005088095,-0.04201628,-1.0059701,-0.060526725,0.1031457,-0.057035152,0.102423005,-0.0036326123,0.06304009,-0.014000996
microbe_43,0.029358588,0.003999409,-0.04797558,-0.016616149,0.32320154,-0.018419718,0.057989717,-0.032986637,-0.010961792,-0.060061656,0.042837787,0.00398033,0.028377848,0.11159728,-0.020989997,0.00898415,0.011302524,0.410038,-0.0058422205,-0.07283863,0.09029973,0.023109036,0.023372268,0.008382128,0.04413562,-0.067331776,0.13918713,0.026568566,0.22410616,0.016564474,-0.00046923338,0.030774912,-0.010698216,0.08220945,0.010287653,-0.009400019,0.038539678,0.017996855,0.11336838,0.0022928272,-0.0105123,0.019747268,0.13325506,-0.98331285,0.23806502,0.17058004,0.34003687,-0.0020749138,0.14900248,-0.021760877
microbe_44,0.013090843,0.020057518,-0.05405067,-0.05156244,0.048016805,-0.042999167,-0.023067424,-0.00954934,0.015880495,-0.054372527,0.014035612,-0.056041434,-0.05177552,0.0060941465,-0.020378377,-0.037112474,-0.05231318,0.057392884,-0.06806053,0.15990438,0.09583153,-0.008578154,0.02113403,0.110328,0.026977431,-0.043376915,0.04456771,0.020435553,0.059780743,-0.0033079586,-0.050503384,-0.0414842,-0.051493056,-0.036771916,-0.04968067,-0.052516125,0.006088047,-0.021876965,-0.17569049,0.03098801,-0.0047282614,-0.038784638,-0.0142194275,-0.050367624,-1.0150979,-0.06605043,0.14615282,0.02063582,-0.096091494,-0.045583755
microbe_45,0.0025568435,0.00064095017,-0.03817139,-0.0077025187,0.14551403,-0.011606415,0.025044136,-0.013441607,0.003935939,-0.0674471,0.012864793,-0.05769766,-0.050588638,0.018161543,-0.0120720435,0.0042022704,-0.051575836,0.0166939,0.005856231,-0.057346724,0.09719639,0.0024125515,-0.036335,0.16527243,0.0151947215,-0.05813338,0.06844989,0.012553194,0.09229422,0.021760639,-0.015210741,0.008030264,-0.06489236,0.01739516,0.028003631,-0.0024486606,0.02369582,-0.111567564,0.18476045,0.0019247597,-0.056836855,-0.051938415,0.015598014,-0.053029038,0.04843469,-1.0038266,0.0648448,0.0007584917,-0.15945144,-0.04559953
microbe_46,0.0019605495,0.30125126,-0.063368246,-0.059958097,-0.092270665,-0.05219531,-0.031814225,-0.018167399,-0.037414998,-0.056991737,0.0036021662,-0.052004386,-0.05386312,0.015515253,-0.047137197,-0.062232345,-0.050734885,0.08982941,0.008879131,-0.044949893,0.05829025,-0.009394852,-0.04631032,-0.0018635246,0.030489204,0.06889145,0.028480694,0.007973097,0.049512293,-0.03347118,-0.051860545,-0.022133298,-0.05755813,0.08699816,-0.055286802,-0.055010084,-0.15726721,-0.053995878,0.038424697,-0.029582324,-0.050627418,0.050275084,-0.025195556,-0.05333363,0.029079845,0.027692502,-0.96779126,-0.050104246,-0.001540594,0.030876696
microbe_47,-0.0099999,-0.05959346,-0.041690823,-0.023150377,0.06508322,-0.02137471,0.0017616975,-0.021285562,-0.019629635,-0.025353936,-0.22320849,-0.016547676,0.026201982,0.042856276,0.15476133,-0.011111192,-0.16293094,0.0050247554,-0.025972735,-0.020959545,0.034998987,-0.008323028,-0.062427573,-0.0154089555,0.010605929,-0.022590522,0.035224218,-0.0010222797,0.11740394,-0.016307777,-0.017003218,-0.00884119,-0.021915805,-0.001673243,-0.01607214,-0.022634672,0.0020413622,-0.0059592263,0.032399625,-0.010812442,0.25569147,-0.01329284,0.00047754374,-0.019772327,0.07047436,0.013654951,0.13095625,-0.94788355,0.04021206,-0.02423293
microbe_48,-0.005695261,-0.008236265,-0.018787732,-0.012314571,-0.016090717,-6.6953835e-05,-0.07528953,0.007215916,-0.07327688,-0.013730719,0.005160452,-0.012298024,-0.01065191,-0.053366285,-0.044935193,-0.07554142,-0.011793764,-0.011129548,-0.002781438,-0.0114484625,-0.051433872,-0.07425832,-0.010202939,-0.07002048,0.16382365,-0.008185799,-0.015824286,-0.07062481,-0.14805882,0.33628216,-0.012159096,-0.011766436,-0.011376884,-0.015524999,-0.07220437,-0.015482142,-0.0705964,-0.05867995,-0.069588386,-0.049004793,-0.011133957,-0.013760097,-0.065469965,-0.013114101,-0.009484722,-0.0073444587,-0.0036945865,-0.01405915,-0.9833512,-0.010833195
microbe_49,0.010490727,-0.0033535801,-0.04220466,-0.015467191,0.23073564,-0.01827128,0.031264186,-0.02701033,-0.014041979,-0.015558367,-0.043757018,0.036565065,0.0051822076,0.05957726,-0.0145760765,0.0082195215,-0.0009008589,0.0340183,-0.014999669,-0.019321632,0.07998964,0.009202577,0.009928967,0.20626703,0.027711378,-0.064649716,0.08378165,0.019562509,0.1842836,0.0014579245,-0.0063374355,-0.032253593,-0.019901874,0.037096355,-0.0042567747,-0.014974536,0.026132135,0.005168271,0.072473526,-0.010645428,-0.017599713,-0.04786539,0.030777251,-0.010874209,0.14716229,0.064222395,0.0912541,-0.007005828,0.04685716,-1.009007
